"#","Date (UTC)","Time (UTC)","Solar Array 1A - Drive Voltage (V)","Solar Array 1A - Drive Current (A)","Solar Array 1A - BGA Position (degrees)","Solar Array 1B - Drive Voltage (V)","Solar Array 1B - Drive Current (A)","Solar Array 1B - BGA Position (degrees)","Solar Array 2A - Drive Voltage (V)","Solar Array 2A - Drive Current (A)","Solar Array 2A - BGA Position (degrees)","Solar Array 2B - DDrive Voltage (V)","Solar Array 2B - DDrive Current (A)","Solar Array 2B - DBGA Position (degrees)","Solar Array 3A - Drive Voltage (V)","Solar Array 3A - Drive Current (A)","Solar Array 3A - BGA Position (degrees)","Solar Array 3B - Drive Voltage (V)","Solar Array 3B - Drive Current (A)","Solar Array 3B - BGA Position (degrees)","Solar Array 4A - Drive Voltage (V)","Solar Array 4A - Drive Current (A)","Solar Array 4A - BGA Position (degrees)","Solar Array 4B - DDrive Voltage (V)","Solar Array 4B - DDrive Current (A)","Solar Array 4B - DBGA Position (degrees)","Starboard Joint Angle Position (degrees)","Port Joint Angle Position (degrees)"
"LIVE","7/22/2016","20:44:46","160.0634765625","-49.6076452454845","354.776000976563","159.4482421875","-45.7759238778278","315.230712890625","158.4228515625","-56.8114591689569","134.989013671875","159.9609375","-47.8253490392239","184.603271484375","159.0380859375","-37.9515030152615","5.240478515625","160.37109375","-33.4186368118412","24.76318359375","159.0380859375","-44.9375215655966","206.185913085938","159.345703125","-50.6555535217522","185.630493164063","42.6302032470703","317.64501953125"
"1","7/22/2016","20:28:11","159.755859375","-49.034674940134","359.467163085938","160.4736328125","-48.1168945160116","310.599975585938","159.345703125","-56.96819269024","130.676879882813","159.0380859375","-47.5393461128513","189.706420898438","160.166015625","-38.1233220781278","0.889892578125","161.19140625","-34.795191469547","29.432373046875","159.0380859375","-46.8908799225523","209.371948242188","151.7578125","-53.6764754549055","180.379028320313","336.294738769531","23.9529838562012"
"2","7/22/2016","20:28:21","159.755859375","-49.2074096225623","359.329833984375","160.576171875","-45.6743145229723","310.709838867188","159.4482421875","-56.8043295446345","130.676879882813","159.0380859375","-47.4000498568257","189.706420898438","160.166015625","-38.1086965816582","0.911865234375","161.0888671875","-34.5589249977798","29.4268798828125","159.2431640625","-44.3694833976198","209.349975585938","151.7578125","-53.5843641269727","180.401000976563","336.931945800781","23.3212699890137"
"3","7/22/2016","20:28:31","159.755859375","-49.2195568420842","359.291381835938","160.576171875","-44.9186231778378","310.786743164063","159.55078125","-56.7456566431043","130.682373046875","159.140625","-47.17454553344","189.706420898438","160.166015625","-38.1083425420942","0.9173583984375","161.19140625","-34.34472676672","29.3994140625","159.2431640625","-43.6131572229223","209.322509765625","151.7578125","-53.5698362965897","180.499877929688","337.552673339844","22.7005424499512"
"4","7/22/2016","20:28:41","159.755859375","-49.2228042394639","359.2529296875","160.576171875","-44.7631753927393","310.8251953125","159.55078125","-56.4656968058406","130.682373046875","159.2431640625","-47.726510959576","189.700927734375","160.166015625","-37.8790347789979","0.9173583984375","161.19140625","-34.3725903127913","29.300537109375","159.2431640625","-43.46215273568","209.3115234375","151.7578125","-53.5614003883588","180.917358398438","338.184387207031","22.0633354187012"
"5","7/22/2016","20:28:51","159.755859375","-48.6930511774377","359.14306640625","160.576171875","-44.4089527048705","310.841674804688","159.55078125","-56.5510447572757","130.687866210938","159.2431640625","-48.0335853441344","189.700927734375","160.2685546875","-37.5574447723172","0.9173583984375","161.19140625","-34.6525867748375","29.212646484375","159.140625","-43.1681783240724","209.306030273438","151.7578125","-53.4716330465047","181.395263671875","338.827087402344","21.4316215515137"
"6","7/22/2016","20:29:01","159.8583984375","-48.4534457463346","359.093627929688","160.576171875","-44.3520988342034","310.863647460938","159.6533203125","-56.8065148233223","130.687866210938","159.2431640625","-48.3104076583658","189.700927734375","160.37109375","-37.4165370258626","0.9283447265625","161.19140625","-34.6975986325033","29.058837890625","159.0380859375","-43.1895183639964","209.295043945313","151.7578125","-53.4333235240324","181.42822265625","339.453308105469","20.8108940124512"
"7","7/22/2016","20:29:11","159.8583984375","-48.4191222210221","359.093627929688","160.576171875","-44.3238733351735","310.874633789063","159.6533203125","-57.06998130021","130.687866210938","159.2431640625","-48.3386087408741","189.700927734375","160.37109375","-37.3834404307631","0.9228515625","161.0888671875","-34.8718227227523","29.0533447265625","159.0380859375","-43.2316124473247","209.168701171875","151.7578125","-53.5062556742074","181.422729492188","340.085021972656","20.1736869812012"
"8","7/22/2016","20:29:21","159.8583984375","-49.0874756682068","359.088134765625","160.576171875","-44.3117993652165","310.902099609375","159.55078125","-57.6113932513251","130.698852539063","159.4482421875","-47.9173382845485","189.695434570313","160.37109375","-37.4004831628763","0.9173583984375","161.0888671875","-34.88686330009","29.0423583984375","158.935546875","-43.245493239884","209.058837890625","151.7578125","-53.5943871091109","181.417236328125","340.727722167969","19.5309867858887"
"9","7/22/2016","20:29:31","159.8583984375","-49.15668806752","359.082641601563","160.576171875","-44.3123609452145","310.946044921875","159.55078125","-57.5637444093209","130.71533203125","159.4482421875","-47.9568808413641","189.684448242188","160.2685546875","-37.4424185388139","0.9228515625","161.0888671875","-34.6118600167217","29.0093994140625","158.8330078125","-43.2582020394039","209.053344726563","151.7578125","-53.5347253384538","181.417236328125","341.364929199219","18.9102592468262"
"10","7/22/2016","20:29:41","159.8583984375","-49.1675984840084","359.0771484375","160.576171875","-44.3218345556156","310.989990234375","159.55078125","-57.4990406269427","130.770263671875","159.4482421875","-48.0807580639664","189.651489257813","160.37109375","-37.4471675522752","0.9393310546875","161.0888671875","-34.4517486759876","28.905029296875","158.8330078125","-43.2854508775678","209.031372070313","151.7578125","-53.5070736276828","181.417236328125","341.996643066406","18.2730522155762"
"11","7/22/2016","20:29:51","159.8583984375","-49.1714440861686","359.0771484375","160.576171875","-44.3607056580858","311.011962890625","159.55078125","-57.6368718916692","130.968017578125","159.4482421875","-48.2301993847385","189.541625976563","160.2685546875","-37.6918210992299","0.9613037109375","161.0888671875","-34.1615705244124","28.89404296875","158.73046875","-43.3058264648865","208.992919921875","151.7578125","-53.7040172913291","181.417236328125","342.633850097656","17.6468315124512"
"12","7/22/2016","20:30:01","159.9609375","-48.7417621381338","359.060668945313","160.576171875","-44.412285560076","311.033935546875","159.55078125","-57.6414621977398","131.182250976563","159.4482421875","-48.8671653933393","189.530639648438","160.2685546875","-38.1620833062506","0.9832763671875","161.0888671875","-33.7939675826783","28.89404296875","158.73046875","-43.3287657869787","208.965454101563","151.7578125","-53.6372136880888","181.411743164063","343.276550292969","17.0041313171387"
"13","7/22/2016","20:30:11","159.9609375","-48.4526461052505","358.906860351563","160.576171875","-44.436506749555","311.039428710938","159.55078125","-57.7286169717772","131.303100585938","159.4482421875","-49.5968409346535","189.503173828125","160.2685546875","-38.1694693040504","0.9942626953125","160.986328125","-33.7582217949795","28.883056640625","158.73046875","-43.3434767412741","208.756713867188","151.7578125","-53.2972502488649","181.417236328125","343.913757324219","16.3724174499512"
"14","7/22/2016","20:30:21","159.9609375","-48.4367753661766","358.582763671875","160.576171875","-44.5171301040504","311.055908203125","159.55078125","-57.8261121427343","131.46240234375","159.4482421875","-48.8484989625363","189.212036132813","160.166015625","-38.6590205631763","1.0107421875","160.986328125","-33.7919654279028","28.828125","158.73046875","-43.3671119342334","208.591918945313","151.7578125","-52.9829119491149","181.417236328125","344.550964355469","15.740704536438"
"15","7/22/2016","20:30:31","159.8583984375","-49.039802409681","358.472900390625","160.576171875","-44.0486258865887","311.1328125","159.55078125","-57.802757739774","131.46240234375","159.55078125","-48.206368859606","188.651733398438","160.166015625","-38.5889573542954","1.0272216796875","160.986328125","-33.8260875169117","28.67431640625","158.73046875","-42.9907922942694","208.515014648438","151.7578125","-53.0989026352235","181.417236328125","345.188171386719","15.092511177063"
"16","7/22/2016","20:30:41","159.8583984375","-49.217041940354","358.445434570313","160.576171875","-43.8554667837984","311.314086914063","159.55078125","-57.7847017220122","131.46240234375","159.55078125","-48.1629074510651","188.245239257813","160.166015625","-38.5830851808381","1.1865234375","161.0888671875","-33.8399438929493","28.553466796875","158.8330078125","-42.8696008890489","208.49853515625","151.7578125","-53.1447324463646","181.417236328125","345.830871582031","14.466290473938"
"17","7/22/2016","20:30:51","159.8583984375","-49.2093629442944","358.43994140625","160.576171875","-43.8556010746675","311.500854492188","159.55078125","-57.6728618445845","131.467895507813","159.55078125","-48.1107781773377","188.058471679688","160.166015625","-38.5631612991699","1.5765380859375","161.0888671875","-33.9045744257626","28.531494140625","158.8330078125","-42.9012569093709","208.493041992188","151.7578125","-53.0524379945195","181.411743164063","346.473571777344","13.8235902786255"
"18","7/22/2016","20:31:01","159.8583984375","-49.1714318779078","358.43994140625","160.576171875","-43.8198552869687","311.66015625","159.55078125","-57.6718973919792","131.467895507813","159.55078125","-48.2092622174217","187.893676757813","160.166015625","-38.5519907405141","1.7193603515625","161.0888671875","-34.1400961936194","28.509521484375","158.8330078125","-42.8856059189919","208.493041992188","151.7578125","-52.8481815826383","181.411743164063","347.116271972656","13.191876411438"
"19","7/22/2016","20:31:11","159.9609375","-48.8078210374637","358.434448242188","160.576171875","-43.80623257216","311.709594726563","159.6533203125","-57.7077896788079","131.478881835938","159.55078125","-48.5041039246325","187.833251953125","160.2685546875","-38.5728058252225","1.746826171875","161.0888671875","-34.1660997891789","28.509521484375","158.8330078125","-42.8678795242724","208.49853515625","151.7578125","-52.7985427941194","181.417236328125","347.753479003906","12.543683052063"
"20","7/22/2016","20:31:21","159.9609375","-48.4571509534954","358.434448242188","160.576171875","-43.8060599522352","311.781005859375","159.6533203125","-57.63407619994","131.50634765625","159.55078125","-49.6658542331033","187.833251953125","160.166015625","-38.5941458651465","1.768798828125","161.0888671875","-34.1784911739174","28.5040283203125","158.8330078125","-42.8561107608361","208.482055664063","151.7578125","-52.6526052442044","181.417236328125","348.401672363281","11.9009828567505"
"21","7/22/2016","20:31:31","159.9609375","-48.4847538312231","358.434448242188","160.4736328125","-44.7145376816082","311.7919921875","159.6533203125","-57.7153954253025","131.610717773438","159.4482421875","-49.5903827646765","187.833251953125","160.37109375","-38.5285752962496","1.768798828125","161.0888671875","-34.2336603045905","28.4930419921875","158.6279296875","-43.7523313963396","208.4765625","151.7578125","-52.5896594513851","181.417236328125","349.044372558594","11.2637758255005"
"22","7/22/2016","20:31:41","159.9609375","-49.0153614715071","358.434448242188","160.4736328125","-47.8229318035804","311.797485351563","159.6533203125","-57.7515929186519","131.621704101563","159.55078125","-48.2860521780178","187.833251953125","160.37109375","-38.37781071232","1.7633056640625","161.0888671875","-34.1110771576358","28.443603515625","158.6279296875","-46.8876447334333","208.465576171875","151.7578125","-52.81402711488","181.417236328125","349.692565917969","10.6155824661255"
"23","7/22/2016","20:31:51","159.9609375","-49.2744207662366","358.423461914063","160.4736328125","-47.8171572962096","311.797485351563","159.6533203125","-57.81825433472","131.649169921875","159.55078125","-48.3495961756176","187.833251953125","160.37109375","-37.9833665760176","1.768798828125","160.986328125","-33.8735288184819","28.3062744140625","158.6279296875","-46.859382609621","208.333740234375","151.7578125","-53.4751368173617","181.422729492188","350.340759277344","9.97837543487549"
"24","7/22/2016","20:32:01","159.9609375","-49.311668170017","358.423461914063","160.37109375","-47.8394251639564","311.797485351563","159.6533203125","-58.0251067941994","131.737060546875","159.6533203125","-48.4567358726273","187.838745117188","160.37109375","-38.0051949463746","1.7742919921875","161.0888671875","-33.8235115738774","28.1854248046875","158.6279296875","-46.8431456227223","208.135986328125","151.7578125","-53.4749659017102","181.422729492188","350.983459472656","9.33018207550049"
"25","7/22/2016","20:32:11","159.9609375","-49.3487202416242","358.401489257813","160.37109375","-47.7689834989899","311.802978515625","159.6533203125","-58.0573243945195","131.7919921875","159.55078125","-48.40575979488","187.838745117188","160.37109375","-38.0116653246125","1.77978515625","161.0888671875","-34.1153866737074","28.1085205078125","158.6279296875","-46.7940073728973","208.092041015625","151.7578125","-53.6438305654565","181.422729492188","351.631652832031","8.69297504425049"
"26","7/22/2016","20:32:21","159.9609375","-49.1089377907391","358.225708007813","160.37109375","-47.7018991057506","311.802978515625","159.6533203125","-57.8739441086509","131.874389648438","159.6533203125","-48.3820579411541","187.833251953125","160.37109375","-37.9883841712171","1.790771484375","161.0888671875","-33.9686522784","28.1085205078125","158.6279296875","-46.7790862656","208.092041015625","151.7578125","-53.625689089869","181.422729492188","352.285339355469","8.03928852081299"
"27","7/22/2016","20:32:31","159.9609375","-48.7302131233923","358.016967773438","160.37109375","-47.5992764652465","311.808471679688","159.6533203125","-57.883271219922","131.929321289063","159.6533203125","-49.6304746932293","187.838745117188","160.37109375","-37.894258480248","1.845703125","161.0888671875","-34.1172911623962","28.10302734375","158.6279296875","-46.7668562008201","208.086547851563","151.7578125","-53.6446607271927","181.42822265625","352.933532714844","7.39109516143799"
"28","7/22/2016","20:32:41","159.9609375","-48.7182001947395","357.857666015625","160.4736328125","-45.3078225329733","311.81396484375","159.6533203125","-57.8987512946495","132.050170898438","159.55078125","-49.7998276874087","187.838745117188","160.37109375","-37.8731259807581","1.8896484375","161.0888671875","-34.0661263412741","28.0975341796875","158.8330078125","-44.3171587917192","208.086547851563","151.7578125","-53.6211109920592","181.433715820313","353.576232910156","6.75388813018799"
"29","7/22/2016","20:32:51","159.9609375","-48.8579359481548","357.769775390625","160.4736328125","-44.2720858927493","311.841430664063","159.55078125","-57.7486751443144","132.061157226563","159.6533203125","-48.9002009471347","187.838745117188","160.37109375","-37.8420193321732","1.9281005859375","161.0888671875","-34.158371960076","28.0975341796875","158.8330078125","-43.1916426013801","208.0810546875","151.7578125","-53.6416330785079","181.433715820313","354.224426269531","6.09470844268799"
"30","7/22/2016","20:33:01","159.9609375","-49.1472595214721","357.747802734375","160.4736328125","-44.2500866067407","311.918334960938","159.55078125","-57.6287656064806","132.072143554688","159.6533203125","-48.9144601957796","187.838745117188","160.37109375","-38.2653774011001","2.08740234375","161.0888671875","-34.2603231462346","28.092041015625","158.8330078125","-43.2011406283028","208.064575195313","151.7578125","-53.8103634513851","181.444702148438","354.883605957031","5.45200824737549"
"31","7/22/2016","20:33:11","159.9609375","-49.15654158304","357.747802734375","160.4736328125","-44.2513196410841","312.022705078125","159.4482421875","-57.5482765428543","132.138061523438","159.6533203125","-48.9550526630263","187.838745117188","160.37109375","-38.0223231363136","2.2247314453125","161.0888671875","-34.3345371637964","28.0755615234375","158.8330078125","-43.1876993331333","208.004150390625","151.7578125","-53.9086643675568","181.719360351563","355.531799316406","4.79282855987549"
"32","7/22/2016","20:33:21","159.9609375","-49.1946764065206","357.747802734375","160.4736328125","-44.2922783561556","312.110595703125","159.4482421875","-57.5853408227223","132.220458984375","159.6533203125","-48.8077233713771","187.838745117188","160.37109375","-38.0321996193219","2.252197265625","161.0888671875","-34.3459152628863","27.9986572265625","158.8330078125","-43.1948289574557","207.9052734375","151.7578125","-53.957009080428","182.493896484375","356.179992675781","4.15012836456299"
"33","7/22/2016","20:33:31","160.0634765625","-49.0597140830883","357.747802734375","160.4736328125","-44.2813641709771","312.203979492188","159.55078125","-57.4296977054505","132.225952148438","159.755859375","-48.7845154675468","187.833251953125","160.37109375","-38.0368387584358","2.2796630859375","161.0888671875","-33.7339517724572","27.8887939453125","158.8330078125","-43.2007865887389","207.877807617188","151.7578125","-53.9097386945095","182.845458984375","356.839172363281","3.49094867706299"
"34","7/22/2016","20:33:41","159.9609375","-48.5299488128013","357.747802734375","160.4736328125","-44.2996277291729","312.302856445313","159.4482421875","-57.4087727463946","132.2314453125","159.6533203125","-49.6583339444344","187.838745117188","160.37109375","-38.0389629958196","2.30712890625","161.0888671875","-33.755377270207","27.696533203125","158.8330078125","-43.2119449391339","207.745971679688","151.7578125","-53.7648266385038","182.92236328125","357.492858886719","2.84824848175049"
"35","7/22/2016","20:33:51","160.0634765625","-48.531792260186","357.747802734375","160.4736328125","-43.9226366348635","312.434692382813","159.4482421875","-57.5107727655966","132.269897460938","159.6533203125","-50.2707979735574","187.838745117188","160.37109375","-38.0567015987999","2.3895263671875","160.986328125","-33.8265270143014","27.5042724609375","158.8330078125","-42.8329638983098","207.674560546875","151.7578125","-53.7061537369737","183.021240234375","358.152038574219","2.18357563018799"
"36","7/22/2016","20:34:01","160.0634765625","-49.2174448129613","357.742309570313","160.4736328125","-43.9504104282428","312.522583007813","159.4482421875","-57.3751389878188","132.368774414063","159.6533203125","-49.6564416640064","187.838745117188","160.37109375","-38.2291554912291","2.4774169921875","161.0888671875","-33.7565492632463","27.454833984375","158.8330078125","-42.7323434125813","207.674560546875","151.6552734375","-53.6154097342534","183.021240234375","358.805725097656","1.54087543487549"
"37","7/22/2016","20:34:11","160.0634765625","-49.2174448129613","357.720336914063","160.37109375","-43.8785037719772","312.577514648438","159.4482421875","-57.29727470027","132.401733398438","159.755859375","-48.9632688225623","187.833251953125","160.37109375","-38.2291554912291","2.493896484375","160.986328125","-33.7788781722972","27.3614501953125","158.8330078125","-42.7012367639964","207.66357421875","151.7578125","-53.5804696917692","183.015747070313","359.459411621094","0.876202583312988"
"38","7/22/2016","20:34:21","160.0634765625","-49.2543992184819","357.637939453125","160.4736328125","-43.7466667633163","312.588500976563","159.4482421875","-57.2573781038904","132.467651367188","159.755859375","-48.8612565950995","187.833251953125","160.37109375","-38.2466377207321","2.52685546875","160.986328125","-34.2773048370437","27.344970703125","158.935546875","-42.6821430440644","207.416381835938","151.7578125","-53.469008270427","183.015747070313","0.118606567382813","0.233502388000488"
"39","7/22/2016","20:34:31","160.0634765625","-49.1694785561756","357.47314453125","160.37109375","-43.7369001546555","312.593994140625","159.4482421875","-57.2589041364936","132.4951171875","159.755859375","-48.8223732843684","187.833251953125","160.37109375","-38.2739842249825","2.5323486328125","160.986328125","-34.4741630428643","27.344970703125","158.8330078125","-42.696353459666","207.257080078125","151.7578125","-53.5247389810981","183.01025390625","0.772293031215668","359.574340820313"
"40","7/22/2016","20:34:41","160.0634765625","-48.6092292586059","357.396240234375","160.37109375","-43.6658847014301","312.599487304688","159.4482421875","-57.2423741513351","132.5390625","159.755859375","-48.7740041549755","187.827758789063","160.37109375","-37.6998053018102","2.537841796875","160.986328125","-34.207583459466","27.344970703125","158.935546875","-42.6863548940494","207.18017578125","151.7578125","-53.4807770338634","183.01025390625","1.43147277832031","358.920654296875"
"41","7/22/2016","20:34:51","160.0634765625","-48.7170159934393","357.34130859375","160.37109375","-43.93242895168","312.621459960938","159.4482421875","-57.3305788358036","132.588500976563","159.755859375","-49.4409780686869","187.827758789063","160.37109375","-37.6895747792379","2.5433349609375","160.986328125","-33.6780867709171","27.344970703125","158.8330078125","-43.0118027111511","207.1142578125","151.7578125","-53.4421012635664","183.01025390625","2.09614562988281","358.261474609375"
"42","7/22/2016","20:35:01","160.0634765625","-48.7170159934393","357.236938476563","160.2685546875","-44.0403364774877","312.632446289063","159.4482421875","-57.3900086495049","132.593994140625","159.755859375","-49.7901709530953","187.827758789063","160.37109375","-37.6895747792379","2.5543212890625","160.986328125","-33.4744896051205","27.3394775390625","158.935546875","-43.2289632547255","207.108764648438","151.7578125","-53.2631892011601","183.01025390625","2.74983215332031","357.607788085938"
"43","7/22/2016","20:35:11","160.0634765625","-49.4734764590059","357.220458984375","160.37109375","-44.0404341435744","312.637939453125","159.4482421875","-57.4157314550655","132.599487304688","159.755859375","-49.5180976523252","187.822265625","160.37109375","-37.2873802432","2.63671875","160.986328125","-33.3374152525653","27.333984375","158.935546875","-43.2452246581458","207.103271484375","151.7578125","-53.0141284720472","183.004760742188","3.40901184082031","356.943115234375"
"44","7/22/2016","20:35:21","160.0634765625","-49.4734764590059","357.171020507813","160.2685546875","-44.0979106355435","312.654418945313","159.4482421875","-57.4291849584958","132.610473632813","159.755859375","-49.5094664119212","187.816772460938","160.4736328125","-37.2873802432","2.6806640625","160.986328125","-33.6926634343434","27.333984375","158.935546875","-43.2864397466947","207.103271484375","151.7578125","-52.6060429374137","183.004760742188","4.07368469238281","356.283935546875"
"45","7/22/2016","20:35:31","160.0634765625","-49.5261062714271","357.132568359375","160.2685546875","-44.0167623258326","312.681884765625","159.4482421875","-57.333496610141","132.676391601563","159.755859375","-49.0562835617962","187.811279296875","160.4736328125","-37.2656307137914","2.7740478515625","160.8837890625","-33.7951395757176","27.333984375","158.935546875","-43.2665646980698","207.108764648438","151.7578125","-52.58449814176","183.004760742188","4.73286437988281","355.619262695313"
"46","7/22/2016","20:35:41","160.0634765625","-49.581287610361","357.12158203125","160.2685546875","-44.0017339567557","312.698364257813","159.4482421875","-57.41272425888","132.945556640625","159.755859375","-49.0895876973297","187.805786132813","160.4736328125","-37.2744572863686","2.8619384765625","160.8837890625","-33.7499445941394","27.322998046875","158.935546875","-43.3184620148415","207.108764648438","151.7578125","-52.5496651889189","183.004760742188","5.39753723144531","354.965576171875"
"47","7/22/2016","20:35:51","159.9609375","-49.581287610361","357.105102539063","160.2685546875","-43.9355041417742","312.720336914063","159.345703125","-57.4320416915292","133.082885742188","159.8583984375","-49.2516889845785","187.789306640625","160.4736328125","-37.2744572863686","2.9388427734375","160.8837890625","-33.6803575074307","27.301025390625","158.935546875","-43.3020296957696","207.108764648438","151.7578125","-52.4631330361836","183.004760742188","6.05671691894531","354.29541015625"
"48","7/22/2016","20:36:01","160.0634765625","-49.0346383153515","357.01171875","160.0634765625","-46.3198629389339","312.879638671875","159.345703125","-57.4085285811781","133.187255859375","159.755859375","-49.481846992","187.7783203125","160.37109375","-37.8220588257226","3.1036376953125","160.8837890625","-33.33920846784","27.1087646484375","158.73046875","-45.7242829345334","207.103271484375","151.7578125","-52.225560280508","183.004760742188","6.72138977050781","353.63623046875"
"49","7/22/2016","20:36:11","160.0634765625","-49.0346383153515","356.912841796875","160.0634765625","-47.4462947488349","313.0224609375","159.345703125","-57.378068970417","133.22021484375","159.755859375","-49.2469033463346","187.651977539063","160.37109375","-37.8220588257226","3.1365966796875","160.8837890625","-33.2981779022702","26.9439697265625","158.73046875","-46.83710632672","207.103271484375","151.7578125","-52.5712616023202","183.004760742188","7.38606262207031","352.966064453125"
"50","7/22/2016","20:36:21","160.0634765625","-49.7676100870887","356.90185546875","159.9609375","-47.4396290384238","313.1103515625","159.345703125","-57.3755052356436","133.225708007813","159.755859375","-49.5276200957696","186.800537109375","160.37109375","-38.1988057548155","3.1365966796875","160.78125","-33.2400421642164","26.8450927734375","158.73046875","-46.8225014536654","207.097778320313","151.7578125","-52.7653119081508","183.004760742188","8.05073547363281","352.306884765625"
"51","7/22/2016","20:36:31","160.0634765625","-49.7676100870887","356.885375976563","159.9609375","-47.4283974384638","313.1982421875","159.345703125","-57.4482176371237","133.225708007813","159.755859375","-49.5629141778178","186.146850585938","160.37109375","-38.1988057548155","3.14208984375","160.78125","-33.6393865840984","26.773681640625","158.73046875","-46.7958019872387","207.097778320313","151.7578125","-52.7506009538554","183.004760742188","8.71540832519531","351.631225585938"
"52","7/22/2016","20:36:41","160.0634765625","-49.6908323347535","356.841430664063","159.9609375","-47.4306925914991","313.341064453125","159.2431640625","-57.1953113058506","133.225708007813","159.755859375","-48.9949126346235","186.097412109375","160.2685546875","-38.0509637162116","3.153076171875","160.78125","-33.7368573385339","26.7572021484375","158.73046875","-46.796485649845","207.09228515625","151.7578125","-52.6730907058706","183.004760742188","9.38557434082031","350.972045898438"
"53","7/22/2016","20:36:51","160.0634765625","-49.67247212864","356.764526367188","159.9609375","-47.4350143158316","313.406982421875","159.2431640625","-57.2188854575057","133.225708007813","159.8583984375","-48.844445819942","186.097412109375","160.2685546875","-38.0457263723172","3.1585693359375","160.6787109375","-33.6077671885589","26.7572021484375","158.73046875","-46.7602759482348","207.081298828125","151.7578125","-52.5341362811481","183.004760742188","10.0557403564453","350.290893554688"
"54","7/22/2016","20:37:01","160.0634765625","-49.67247212864","356.599731445313","160.0634765625","-46.7953502815882","313.450927734375","159.2431640625","-57.3930607147115","133.236694335938","159.8583984375","-49.1860695826383","186.097412109375","160.2685546875","-38.0457263723172","3.1915283203125","160.78125","-33.3176744948095","26.751708984375","159.0380859375","-46.085049250205","206.911010742188","151.7578125","-52.3360938740274","183.015747070313","10.7259063720703","349.631713867188"
"55","7/22/2016","20:37:11","160.0634765625","-48.9097844318832","356.544799804688","160.0634765625","-43.4834688681668","313.4619140625","159.140625","-57.5133242921092","133.236694335938","159.755859375","-49.5329673140114","186.097412109375","160.2685546875","-38.0343482732273","3.22998046875","160.78125","-33.0133591771977","26.7462158203125","159.0380859375","-42.7884647875988","206.900024414063","151.7578125","-52.2451545391339","183.01025390625","11.396071434021","348.950561523438"
"56","7/22/2016","20:37:21","160.0634765625","-48.9535022139014","356.522827148438","160.0634765625","-43.3858760311231","313.472900390625","159.0380859375","-57.5316366833483","133.2421875","159.755859375","-49.1713952531253","186.097412109375","160.2685546875","-38.0228358832683","3.3233642578125","160.6787109375","-33.1101951020702","26.7352294921875","159.0380859375","-42.6487900754875","206.867065429688","151.7578125","-52.0164205642964","183.01025390625","12.066237449646","348.291381835938"
"57","7/22/2016","20:37:31","160.0634765625","-49.7080948155616","356.511840820313","160.0634765625","-43.3794056528853","313.489379882813","159.0380859375","-57.6009673965797","133.2421875","159.8583984375","-49.2734318971097","186.097412109375","160.2685546875","-38.1231389542154","3.3782958984375","160.6787109375","-33.1308148546055","26.71875","159.0380859375","-42.6462507572357","206.861572265625","151.7578125","-51.6770064968097","183.015747070313","12.747389793396","347.621215820313"
"58","7/22/2016","20:37:41","160.0634765625","-49.7750082931493","356.50634765625","160.0634765625","-43.3962652610861","313.511352539063","158.935546875","-57.8149293758176","133.258666992188","159.755859375","-49.5095030367037","186.102905273438","160.2685546875","-37.7673414007001","3.427734375","160.6787109375","-33.3585111272727","26.685791015625","159.0380859375","-42.6536977963396","206.806640625","151.7578125","-51.4604441580158","183.021240234375","13.417555809021","346.940063476563"
"59","7/22/2016","20:37:51","160.0634765625","-49.8243540834083","356.484375","159.9609375","-43.3842034993899","313.52783203125","158.8330078125","-57.8167117818982","133.445434570313","159.755859375","-49.3320071325533","186.102905273438","160.2685546875","-37.6740702879888","3.4332275390625","160.6787109375","-33.9672638451045","26.5264892578125","159.140625","-42.6350069490149","206.806640625","151.7578125","-51.409608959936","183.026733398438","14.0932149887085","346.275390625"
"60","7/22/2016","20:38:01","160.0634765625","-49.800792140014","356.451416015625","159.9609375","-43.4037000919292","313.544311523438","158.8330078125","-57.9577294027003","133.6376953125","159.8583984375","-48.7912178027403","186.102905273438","160.2685546875","-37.824488269627","3.4442138671875","160.6787109375","-33.9965514628263","26.279296875","159.0380859375","-42.6281947394739","206.795654296875","151.7578125","-51.3146775237524","183.0322265625","14.7633810043335","345.588745117188"
"61","7/22/2016","20:38:11","160.0634765625","-49.2119388873287","356.434936523438","159.8583984375","-43.6385015723972","313.57177734375","158.8330078125","-57.9222888215222","133.775024414063","159.8583984375","-49.2208631259926","186.102905273438","160.37109375","-37.8882520159216","3.4716796875","160.6787109375","-33.6465284166817","26.1749267578125","159.0380859375","-42.8710902968697","206.7626953125","151.7578125","-51.1246071109511","183.043212890625","15.439040184021","344.929565429688"
"62","7/22/2016","20:38:21","160.0634765625","-48.9964142507051","356.369018554688","159.9609375","-43.9265676948495","313.588256835938","158.8330078125","-57.7938335011101","133.786010742188","159.8583984375","-48.989467750295","186.102905273438","160.4736328125","-37.9236315557956","3.614501953125","160.6787109375","-33.1840428718072","26.0870361328125","159.0380859375","-43.1350206876688","206.636352539063","151.7578125","-50.9694523241124","183.147583007813","16.1147003173828","344.25390625"
"63","7/22/2016","20:38:31","160.0634765625","-48.9964142507051","356.325073242188","159.8583984375","-43.7966229666167","313.599243164063","158.8330078125","-56.8517952627263","133.796997070313","159.8583984375","-47.8197088227223","186.102905273438","160.37109375","-37.9236315557956","3.7518310546875","160.6787109375","-33.0676248965697","26.0760498046875","159.0380859375","-43.040382249745","206.614379882813","151.7578125","-50.9463909194119","183.477172851563","16.7848663330078","343.567260742188"
"64","7/22/2016","20:38:41","160.166015625","-49.6216847454345","356.303100585938","159.8583984375","-43.74414756672","313.610229492188","158.8330078125","-56.8171238019802","133.802490234375","159.8583984375","-47.6308348194819","186.102905273438","160.37109375","-38.1017012482048","3.80126953125","160.576171875","-33.2172005082108","26.08154296875","159.0380859375","-42.9951384351235","206.60888671875","151.8603515625","-51.3866940543654","183.49365234375","17.4605255126953","342.897094726563"
"65","7/22/2016","20:38:51","160.0634765625","-49.6216847454345","356.24267578125","159.8583984375","-43.736863529873","313.6376953125","158.935546875","-56.8013629372537","133.807983398438","159.8583984375","-48.2724277589359","186.102905273438","160.37109375","-38.1017012482048","3.8507080078125","160.576171875","-33.361441109871","26.08154296875","159.0380859375","-42.9835650038604","206.328735351563","151.8603515625","-51.3008577724972","183.658447265625","18.1416778564453","342.21044921875"
"66","7/22/2016","20:39:01","160.0634765625","-49.6324280149615","356.171264648438","159.8583984375","-43.7720233210521","313.687133789063","158.935546875","-56.804292919852","133.8134765625","159.9609375","-48.3458604478048","186.102905273438","160.37109375","-38.3001465279328","3.966064453125","160.576171875","-33.3673865328933","26.08154296875","159.140625","-42.9872885234123","206.328735351563","151.7578125","-51.2724247330333","183.66943359375","18.8283233642578","341.529296875"
"67","7/22/2016","20:39:11","160.0634765625","-49.6377874414641","356.1328125","159.755859375","-43.7662366054205","313.780517578125","158.935546875","-56.7387833922592","133.857421875","159.9609375","-47.8141052310031","186.102905273438","160.37109375","-38.14769580128","4.010009765625","160.576171875","-33.2596120063206","26.08154296875","159.140625","-42.9972382559856","206.3232421875","151.8603515625","-51.32994401984","183.674926757813","19.5094757080078","340.859130859375"
"68","7/22/2016","20:39:21","160.166015625","-49.2629572093209","356.11083984375","159.755859375","-43.7854524079608","313.79150390625","158.935546875","-56.71257727264","133.950805664063","159.9609375","-48.1993857344134","186.102905273438","160.37109375","-38.1922621270127","4.0374755859375","160.576171875","-32.9668823282328","26.08154296875","159.0380859375","-43.0253294641464","206.3232421875","157.8076171875","-51.5457799011901","183.680419921875","20.1851348876953","340.161499023438"
"69","7/22/2016","20:39:31","160.166015625","-49.2629572093209","356.072387695313","159.6533203125","-43.7893102183818","313.796997070313","158.8330078125","-56.7077988262826","133.96728515625","159.9609375","-48.4556493374137","186.102905273438","160.37109375","-38.1922621270127","4.0374755859375","160.4736328125","-32.9563221826183","26.0760498046875","159.140625","-43.0218379015502","206.3232421875","157.91015625","-49.8557903550355","183.69140625","20.8662872314453","339.491333007813"
"70","7/22/2016","20:39:41","160.166015625","-49.0530239561556","355.984497070313","159.6533203125","-43.8156678535054","313.857421875","158.8330078125","-56.8652609744174","133.983764648438","159.8583984375","-47.73296878528","186.102905273438","160.2685546875","-38.2642176163216","4.0484619140625","160.4736328125","-33.0884399812781","26.070556640625","159.140625","-43.0443255179918","206.3232421875","157.8076171875","-49.8223519286329","183.8232421875","21.5419464111328","338.815673828125"
"71","7/22/2016","20:39:51","160.166015625","-49.1111474859486","355.93505859375","159.6533203125","-44.0668161952195","314.060668945313","158.73046875","-56.8149995645965","134.005737304688","159.9609375","-47.6082129121712","186.102905273438","160.37109375","-38.3084969783378","4.053955078125","160.4736328125","-33.19682555328","26.0595703125","159.140625","-43.28522389792","206.3232421875","157.91015625","-49.8619677350135","184.28466796875","22.2285919189453","338.118041992188"
"72","7/22/2016","20:40:01","160.166015625","-49.6858879891189","355.929565429688","159.55078125","-44.4015056657666","314.176025390625","158.8330078125","-56.6429363365137","134.022216796875","159.9609375","-47.9675264448045","186.102905273438","160.2685546875","-38.5172094054205","4.0594482421875","160.4736328125","-33.2477822015802","26.0595703125","159.140625","-43.6339967241524","206.3232421875","151.8603515625","-50.2772439352735","184.54833984375","22.9097442626953","337.436889648438"
"73","7/22/2016","20:40:11","160.166015625","-49.7774987783578","355.924072265625","159.55078125","-44.4153132087609","314.263916015625","158.8330078125","-56.8013873537754","134.0771484375","159.9609375","-48.4762568816882","186.102905273438","160.2685546875","-38.7243591751175","4.053955078125","160.4736328125","-32.9468241556956","26.0540771484375","159.0380859375","-43.6814136092009","206.317749023438","151.7578125","-51.9374331167517","184.59228515625","23.5963897705078","336.76123046875"
"74","7/22/2016","20:40:21","160.166015625","-49.7223906889889","355.918579101563","159.55078125","-44.4700672585659","314.351806640625","158.8330078125","-56.8083338541854","134.09912109375","159.9609375","-48.3197469778978","186.097412109375","160.2685546875","-38.6814105135314","4.0594482421875","160.4736328125","-32.7729663132713","26.048583984375","159.0380859375","-43.6884211509151","206.312255859375","157.8076171875","-50.4537998033403","184.586791992188","24.2775421142578","336.063598632813"
"75","7/22/2016","20:40:31","160.166015625","-49.31196161632","355.852661132813","159.345703125","-47.2216993744174","314.357299804688","158.73046875","-56.5800271684768","134.176025390625","159.9609375","-48.3699717629363","186.097412109375","160.2685546875","-38.7016640182418","4.075927734375","160.37109375","-32.7902776271227","26.015625","158.935546875","-46.4203491337934","206.306762695313","157.8076171875","-50.7307319919192","184.59228515625","24.9586944580078","335.376953125"
"76","7/22/2016","20:40:41","160.166015625","-48.9424049048105","355.75927734375","159.345703125","-47.5118286929493","314.417724609375","158.73046875","-56.6517751173517","134.285888671875","159.9609375","-48.3602661955796","186.097412109375","160.166015625","-38.2957515540354","4.163818359375","160.37109375","-33.0935308260426","25.894775390625","158.935546875","-46.7114306966697","206.306762695313","157.91015625","-51.1060383462346","184.59228515625","25.6453399658203","334.701293945313"
"77","7/22/2016","20:40:50","160.166015625","-48.9424049048105","355.643920898438","159.345703125","-47.5133303090309","314.45068359375","158.73046875","-56.7097155232323","134.291381835938","159.9609375","-48.0065440464046","186.091918945313","160.166015625","-38.2957515540354","4.21875","160.37109375","-33.4710102507851","25.6256103515625","158.935546875","-46.6914091489149","206.30126953125","158.0126953125","-51.1537970625863","184.59228515625","26.2715606689453","334.075073242188"
"78","7/22/2016","20:41:00","160.166015625","-48.968970080368","355.572509765625","159.2431640625","-47.5027579551555","314.456176757813","158.73046875","-56.7926584472847","134.296875","159.9609375","-48.0257476406841","186.091918945313","160.0634765625","-38.107231590359","4.229736328125","160.37109375","-33.586414940374","25.6146240234375","158.935546875","-46.6731944237624","206.30126953125","158.0126953125","-51.2103579349935","184.586791992188","26.9527130126953","333.37744140625"
"79","7/22/2016","20:41:10","160.0634765625","-49.4888954924292","355.556030273438","159.345703125","-47.4967026577858","314.456176757813","158.6279296875","-56.8375238058206","134.296875","159.9609375","-48.1214481972997","186.091918945313","160.0634765625","-38.0532222444644","4.2791748046875","160.37109375","-33.37014559984","25.5926513671875","158.935546875","-46.6327972886889","206.251831054688","158.0126953125","-51.0604160755275","184.581298828125","27.6393585205078","332.707275390625"
"80","7/22/2016","20:41:20","160.166015625","-49.7698930318632","355.45166015625","159.2431640625","-47.5007191755976","314.456176757813","158.6279296875","-56.958934959736","134.296875","159.9609375","-48.9130440375238","186.091918945313","160.0634765625","-38.2161903182318","4.41650390625","160.2685546875","-33.0628392583258","25.4718017578125","158.935546875","-46.6165236770077","205.471801757813","158.115234375","-51.1162444522852","184.581298828125","28.3314971923828","332.01513671875"
"81","7/22/2016","20:41:30","160.0634765625","-49.8375145885789","355.3857421875","159.4482421875","-46.0404158486249","314.461669921875","158.525390625","-56.8458742562256","134.307861328125","159.9609375","-49.0606541191719","186.08642578125","160.0634765625","-38.2365903220722","4.5428466796875","160.2685546875","-33.0259703106311","25.2740478515625","159.140625","-45.1476623591959","203.626098632813","158.2177734375","-51.2190868414841","184.581298828125","29.0181427001953","331.31201171875"
"82","7/22/2016","20:41:40","160.0634765625","-49.8581343411141","355.374755859375","159.4482421875","-44.4432212930093","314.461669921875","158.525390625","-56.6376989926193","134.313354492188","159.9609375","-48.939206340474","186.08642578125","160.0634765625","-38.3081551470347","4.559326171875","160.2685546875","-33.0363473323332","25.2630615234375","159.0380859375","-43.5690121517752","202.681274414063","158.3203125","-51.2755866725873","184.581298828125","29.7047882080078","330.636352539063"
"83","7/22/2016","20:41:50","160.166015625","-49.5164373288529","355.374755859375","159.4482421875","-44.4107351109511","314.467163085938","158.4228515625","-56.6978368854485","134.351806640625","159.9609375","-48.4430504122412","186.080932617188","160.0634765625","-38.343302729953","4.5648193359375","160.2685546875","-33.5817269682168","25.2520751953125","159.140625","-43.5234142975898","202.615356445313","158.525390625","-51.2480814609461","184.581298828125","30.3914337158203","329.944213867188"
"84","7/22/2016","20:42:00","160.0634765625","-49.0656228813281","355.374755859375","159.4482421875","-44.1946488943294","314.478149414063","158.4228515625","-56.767863469547","134.686889648438","159.9609375","-47.9828966451845","186.080932617188","160.0634765625","-38.5082729584958","4.5648193359375","160.2685546875","-33.7276278933493","25.2520751953125","159.140625","-43.2963284379638","202.6318359375","158.6279296875","-50.8422666628263","184.586791992188","31.0835723876953","329.235595703125"
"85","7/22/2016","20:42:10","160.166015625","-48.9980013246125","355.374755859375","159.4482421875","-44.1642503248725","314.49462890625","158.4228515625","-56.5612264468047","134.84619140625","159.9609375","-47.9373720405641","186.036987304688","160.0634765625","-38.8455994133813","4.5703125","160.2685546875","-33.3282590569457","25.257568359375","159.140625","-43.2696900128413","202.65380859375","158.525390625","-50.8932971930793","184.586791992188","31.7757110595703","328.548950195313"
"86","7/22/2016","20:42:20","160.0634765625","-49.3870175558356","355.369262695313","159.4482421875","-44.160798256","314.549560546875","158.4228515625","-56.6002074236224","134.983520507813","159.9609375","-47.9739724065206","185.410766601563","160.0634765625","-38.7939462618262","4.5758056640625","160.2685546875","-32.9768931021102","25.257568359375","159.140625","-43.258055540274","202.752685546875","158.6279296875","-51.3031773420542","184.581298828125","32.4623565673828","327.867797851563"
"87","7/22/2016","20:42:30","160.0634765625","-49.6754377178518","355.36376953125","159.4482421875","-44.1469023862386","314.62646484375","158.4228515625","-56.6726390351035","134.97802734375","159.9609375","-48.3849635072307","184.822998046875","159.9609375","-38.7414263237524","4.5758056640625","160.2685546875","-32.9784435512351","25.257568359375","159.140625","-43.2489725942194","202.840576171875","158.6279296875","-51.5069942565457","184.586791992188","33.1599884033203","327.164672851563"
"88","7/22/2016","20:42:40","160.0634765625","-49.6605680561656","355.369262695313","159.55078125","-44.1208499576358","314.67041015625","158.4228515625","-56.5468573238124","134.97802734375","159.9609375","-49.0984508946895","184.586791992188","159.8583984375","-38.4745781586159","4.5758056640625","160.2685546875","-33.4205168840084","25.2520751953125","159.140625","-43.2469704394439","202.8955078125","158.6279296875","-51.7018014745475","184.586791992188","33.8576202392578","326.461547851563"
"89","7/22/2016","20:42:50","160.0634765625","-49.6760115061106","355.369262695313","159.55078125","-44.1239752724072","314.741821289063","158.4228515625","-56.6031618227423","134.97802734375","159.8583984375","-49.2423374567857","184.586791992188","159.6533203125","-38.35741274848","4.6197509765625","160.37109375","-33.9734168085609","25.2520751953125","159.140625","-43.2479959333533","203.367919921875","158.73046875","-51.6783982385439","184.586791992188","34.5442657470703","325.780395507813"
"90","7/22/2016","20:43:00","160.166015625","-49.5066951367137","355.358276367188","159.55078125","-44.1336564232423","314.791259765625","158.3203125","-56.7140006227823","134.97802734375","159.9609375","-48.0514338214621","184.586791992188","159.6533203125","-38.3381508438844","4.888916015625","160.2685546875","-33.8574505389739","25.2520751953125","159.140625","-43.2417330955496","204.510498046875","158.8330078125","-51.58400914336","184.586791992188","35.2364044189453","325.082763671875"
"91","7/22/2016","20:43:10","160.166015625","-49.0310368784078","355.27587890625","159.55078125","-44.2479379528353","314.791259765625","158.4228515625","-56.620523984","134.97802734375","159.9609375","-47.7599249694569","184.59228515625","159.6533203125","-38.2955928466447","4.9658203125","160.2685546875","-33.8051015165517","25.2520751953125","159.140625","-43.3671973920592","205.675048828125","158.8330078125","-51.5197763056306","184.59228515625","35.9395294189453","324.36865234375"
"92","7/22/2016","20:43:20","160.166015625","-49.0809808734473","355.14404296875","159.55078125","-44.2587788884488","314.796752929688","158.4228515625","-56.5962031140714","134.97802734375","159.9609375","-47.7989914041004","184.59228515625","159.55078125","-38.2811748906091","5.03173828125","160.37109375","-33.6570031044704","25.2520751953125","159.140625","-43.4128562875488","206.25732421875","158.935546875","-51.4220247611961","184.597778320313","36.6316680908203","323.671020507813"
"93","7/22/2016","20:43:30","160.0634765625","-49.4069170209821","355.089111328125","159.55078125","-44.270279070147","314.807739257813","158.4228515625","-56.6091804953295","134.972534179688","159.9609375","-47.83864513056","184.59228515625","159.55078125","-38.3211569448145","5.1141357421875","160.37109375","-33.62668425984","25.24658203125","159.140625","-43.4220857327333","206.455078125","158.935546875","-51.3143234841884","184.59228515625","37.3183135986328","322.989868164063"
"94","7/22/2016","20:43:40","160.0634765625","-49.7880222991899","355.061645507813","159.4482421875","-45.32181319988","314.851684570313","158.4228515625","-56.6973485550155","134.972534179688","159.9609375","-47.9122108150015","184.597778320313","159.4482421875","-38.3374793895389","5.2020263671875","160.37109375","-33.704700779518","25.2410888671875","159.0380859375","-44.46741468672","206.444091796875","159.140625","-51.274268180418","184.597778320313","38.0214385986328","322.292236328125"
"95","7/22/2016","20:43:50","160.166015625","-49.7360639411141","355.045166015625","159.4482421875","-45.6714822064606","314.917602539063","158.4228515625","-56.621571880068","134.972534179688","159.9609375","-49.2268329655366","184.603271484375","159.2431640625","-38.0157062589459","5.2294921875","160.37109375","-33.46265980038","25.2301025390625","159.0380859375","-44.8154389573357","206.427612304688","159.140625","-51.2359098249025","184.603271484375","38.7190704345703","321.589111328125"
"96","7/22/2016","20:44:00","160.0634765625","-49.698303790379","355.023193359375","159.4482421875","-45.6879877750975","314.950561523438","158.4228515625","-56.8455080084008","134.97802734375","159.9609375","-49.3176624260826","184.597778320313","159.140625","-37.9262074988299","5.2349853515625","160.37109375","-33.3300170465047","25.1641845703125","159.140625","-44.8224464990499","206.416625976563","159.2431640625","-51.1962573937394","184.6142578125","39.4112091064453","320.875"
"97","7/22/2016","20:44:10","160.0634765625","-49.578479710371","354.973754882813","159.345703125","-45.7911109542954","314.994506835938","158.4228515625","-56.9609249062506","134.97802734375","159.9609375","-48.0275178385038","184.597778320313","159.0380859375","-37.9330563331533","5.2349853515625","160.37109375","-33.8170411956396","25.07080078125","159.0380859375","-44.8148651690769","206.405639648438","159.2431640625","-51.1912642150615","184.630737304688","40.1143341064453","320.182861328125"
"98","7/22/2016","20:44:20","160.0634765625","-48.936679230483","354.814453125","159.4482421875","-45.8665091731573","315.115356445313","158.3203125","-56.7671431821582","134.97802734375","159.9609375","-47.7334208352035","184.603271484375","159.140625","-37.8845529128913","5.2349853515625","160.37109375","-34.0270843231523","24.8895263671875","159.0380859375","-44.9214799108711","206.372680664063","159.2431640625","-50.8219399085509","184.866943359375","40.8119659423828","319.485229492188"
"99","7/22/2016","20:44:30","160.166015625","-48.81226643392","354.797973632813","159.4482421875","-45.8228768489649","315.1318359375","158.4228515625","-56.7723683177918","134.97802734375","159.9609375","-47.8832039872787","184.603271484375","159.0380859375","-37.8569012021202","5.2349853515625","160.37109375","-33.8463043968397","24.7686767578125","159.140625","-44.9130317943794","206.328735351563","159.345703125","-50.7570774187819","185.33935546875","41.5095977783203","318.78759765625"
"100","7/22/2016","20:44:40","160.0634765625","-49.0507654279028","354.781494140625","159.4482421875","-45.7759238778278","315.214233398438","158.4228515625","-56.8114591689569","134.97802734375","159.9609375","-47.8253490392239","184.608764648438","159.0380859375","-37.8903152120012","5.2294921875","160.37109375","-33.5365564031603","24.76318359375","159.0380859375","-44.9375215655966","206.290283203125","159.345703125","-50.6555535217522","185.630493164063","42.2127227783203","318.067993164063"